Language,Repo,Tests
Python,davisp/bioneb,true
Erlang,davisp/cascade,true
C++,davisp/couchcli,true
Erlang,davisp/couchdb,true
Erlang,davisp/couchdb-old-patches,false
Objective-C,davisp/couchdocs,true
Erlang,davisp/couch_events,false
C,davisp/eep0018,true
Erlang,davisp/ejson,false
C,davisp/emonk,true
C++,davisp/erleveldb,true
Erlang,davisp/erliobench,false
Erlang,davisp/etap,false
Ruby,ubilabs/ar-extensions,true
Ruby,ubilabs/ffmpeg,true
JavaScript,ubilabs/flickr_geocoding_bookmarklet,false
JavaScript,ubilabs/geocomplete,false
Ruby,ubilabs/geokit-rails,true
JavaScript,ubilabs/google.maps.polyline.edit,false
Ruby,ubilabs/icons_generator,false
JavaScript,ubilabs/idiomatic.js,false
JavaScript,ubilabs/jquery-customdata,true
JavaScript,ubilabs/jquery-tokeninput,false
JavaScript,ubilabs/jquery-touchevents,false
JavaScript,ubilabs/kd-tree-javascript,true
Ruby,ubilabs/mobile-fu,false
JavaScript,ubilabs/mobile-range-slider,false
JavaScript,HackOmahaFoodInspectors/food-fight-api,true
Lua,HackOmahaFoodInspectors/food-fight-app,true
Java,locationtech/jackpine,false
JavaScript,jmhobbs/beef-taco,false
JavaScript,jmhobbs/ClearPass,true
PHP,jmhobbs/consume-less-create-more,false
Python,jmhobbs/github-watcher,false
Python,jmhobbs/googlecode-irc-bot,false
Shell,jmhobbs/gum,false
Python,jmhobbs/jmhobbs.github.com,false
JavaScript,jmhobbs/jsTodoTxt,true
JavaScript,jmhobbs/JuanValidez,true
PHP,jmhobbs/K3-Cache_Redis,false
PHP,jmhobbs/K3-CSRF,false
PHP,jmhobbs/K3-Encryption,false
PHP,jmhobbs/K3-Faker,false
PHP,jmhobbs/K3-Migrate,false
ColdFusion,mhenke/CacheBoxForWheels,false
ColdFusion,mhenke/cfcrypto,true
ColdFusion,mhenke/CFScript-Community-Components,true
ColdFusion,mhenke/CFSelenium,true
ColdFusion,mhenke/cfwheels-dbmigrate-plugin,false
ColdFusion,mhenke/cfwheels-training-source,false
JavaScript,mhenke/Cloudy-With-A-Chance-Of-Tests,true
ColdFusion,mhenke/ColdDocForWheels,false
ColdFusion,mhenke/DataTablesForWheels,false
JavaScript,mhenke/dateFriendly,false
Perl,swflint/Z-Chip,false
Java,payne/MeQanTT,true
Java,spullabhotla/ftpapi,false
Java,spullabhotla/jftp,false
Ruby,jerodsanto/app_store,true
Ruby,jerodsanto/aws-ruby-miscellany,false
JavaScript,jerodsanto/BetterHN,false
JavaScript,jerodsanto/blog,true
Objective-J,jerodsanto/CappResourceExample,true
Objective-J,jerodsanto/Cappuccino-Extensions,true
Objective-J,jerodsanto/Cappuccino.tmbundle,false
Ruby,jerodsanto/cappuccinoflow,true
Objective-J,jerodsanto/CappuccinoResource,true
Ruby,jerodsanto/dreamy,true
Ruby,jerodsanto/hoster,true
Ruby,jerodsanto/monitdir,false
JavaScript,jerodsanto/obh,false
Ruby,jerodsanto/rack-noie6,true
ActionScript,RivelloMultimediaConsulting/CodeSamplesPrivate,true
ActionScript,RivelloMultimediaConsulting/CodeSamplesPublic,true
JavaScript,RivelloMultimediaConsulting/HTML5Demos,false
ActionScript,RivelloMultimediaConsulting/RobotlegsTemplate,false
ActionScript,RivelloMultimediaConsulting/ScoreoidAS3SDK,true
PHP,thebizztech/adaptive-paypal-namespaced,false
PHP,thebizztech/codeigniter-payflow,false
PHP,thebizztech/codeigniter-paypal,false
PHP,thebizztech/codeigniter-paypal-adaptive,false
PHP,thebizztech/getcsv-PHP-Library-for-Codeigniter,false
PHP,thebizztech/ipn_pdt,true
PHP,thebizztech/paypal-sdk,false
C#,paulyoder/LinqToExcel,true
C#,paulyoder/QuickBooks.Net,true
Ruby,paulyoder/rails-footnotes,true
PHP,boombatower/conduit,true
PHP,boombatower/DGP,false
PHP,boombatower/drupal,true
PHP,boombatower/drupal-dev,false
PHP,boombatower/drupalorg_qa,false
PHP,boombatower/field_group_views,false
PHP,boombatower/serial,false
PHP,boombatower/services,true
PHP,boombatower/services_tools_example,false
PHP,boombatower/test,true
JavaScript,nicknisi/debut,false
Groovy,nicknisi/groovy-demo,true
Ruby,nicknisi/omahajs,false
JavaScript,nicknisi/safeomaha,true
PHP,squarepegsys/CakePHP-ReST-DataSource-Plugin,false
Shell,squarepegsys/oh-my-zsh,true
D,leffuy/andsdl-test,true
C++,leffuy/babycthulu,true
C,leffuy/matrix-fahfah,false
PHP,davereid/drop.org,false
PHP,davereid/sshkey,true
PHP,davereid/toggl-php-sdk,true
Ruby,sumeetjain/active_enum,true
Ruby,sumeetjain/carrierwave,true
JavaScript,sumeetjain/jquery-markdown-footnotes,false
Ruby,sumeetjain/Textmate-Bundles,true
Ruby,stesla/base32,true
Erlang,stesla/clusterl,false
JavaScript,stesla/dataviz-presentation,false
Go,stesla/gospecify,true
Objective-C,stesla/koan,true
OCaml,stesla/lambda,true
Erlang,stesla/mg,false
C,stesla/objection,true
Python,stesla/odynug,true
Emacs Lisp,stesla/old-emacs-config,true
Clojure,jamiltron/4clojure-solutions,false
Clojure,jamiltron/brainfudje,false
Clojure,jamiltron/clj-trm,false
Scheme,jamiltron/forsight,false
Python,jamiltron/jamilpong,false
Haskell,jamiltron/Thieflike,false
JavaScript,jamiltron/udon,true
Java,SeeD419/FoundDiamonds,false
Java,SeeD419/TypeCommands,false
Ruby,mattdsteele/coderetreat,false
Erlang,mattdsteele/erlang-book-club,true
JavaScript,mattdsteele/football-squares,false
JavaScript,zachleat/ALARMd,false
JavaScript,zachleat/BigText,true
JavaScript,zachleat/f2em.com,false
JavaScript,zachleat/Firebug-Code-Coverage,false
JavaScript,zachleat/Humane-Dates,true
JavaScript,zachleat/JavaScript-Code-Katas,true
JavaScript,zachleat/jQuery-Gravatar,false
Shell,zachleat/JsTestDriver-Boilerplate,true
JavaScript,zachleat/Raging-Netflix-Queue,false
JavaScript,zachleat/Respond,true
PHP,joebeeson/amazon,true
PHP,joebeeson/analogue,false
PHP,joebeeson/campfire,false
PHP,joebeeson/embellish,true
PHP,joebeeson/li3_filters,false
PHP,joebeeson/li3_profiler,false
PHP,joebeeson/mailer,true
PHP,joebeeson/referee,true
PHP,joebeeson/sassy,true
C,joebeeson/uipagedscrollview,false
PHP,jdsharp/FeedWriter,false
JavaScript,jdsharp/jquery-cookbook.com,true
JavaScript,jdsharp/jquery-dataset,false
JavaScript,jdsharp/jquery-examples,false
JavaScript,jdsharp/jquery-switchview,false
PHP,jdsharp/photo-glitz-n-glitter,false
JavaScript,jdsharp/php-dispatcher,false
PHP,jdsharp/scan-wizard,false
Shell,jdsharp/server-utils,false
PHP,jdsharp/watchnet,false
Shell,ghost1227/cdm,false
Shell,ghost1227/ossvol,false
Perl,jhannah/kiokux-model-useraccounts,false
Perl,jhannah/moosex-workers,false
Erlang,jhannah/mutationgrid,false
Python,jhannah/odlug,true
Perl,jhannah/pdf-textblock,false
Perl,jhannah/sandbox,true
Perl,jhannah/text-fixedwidth,false
Perl,jhannah/xmltwig,true
C,griffordson/georuby-extras,true
C#,dwaynedowding/Create-Users-Via-Sketchpad,false
PHP,opnsrce/Audio-Jungle,true
PHP,carlzulauf/CalendarSyncer,false
Ruby,carlzulauf/seep,true
JavaScript,sgreenfield/fullcalendar,false
JavaScript,sgreenfield/inputFile,false
JavaScript,sgreenfield/jquery-notify-2,false
Ruby,gabek/Coupons2Wordpress,false
Perl,gabek/Imap4-Archiver,false
PHP,gabek/PandoraFM,true
JavaScript,gabek/TurntableScrobbler,false
JavaScript,thaddeusmt/swomaha,true
JavaScript,thaddeusmt/yii-miniColors-colorpicker,false
Ruby,airlite/activerecord-sqlserver-adapter-schemas,true
Java,jmcc0nn3ll/jetty-project,true
Java,jmcc0nn3ll/jetty-sandbox,true
PHP,lukeemery/Club-Management-System,false
Python,nwertzberger/legislateme.org,true
C,nwertzberger/libogg-vorbis-android,true
C,nwertzberger/OpenPLC,true
C++,madsolar8582/CS284F2011-ms-by,false
Shell,madsolar8582/dotfiles,false
Objective-C,madsolar8582/MilRank,false
